"study_removed","estimate_r","ci_lower_r","ci_upper_r","q","q_p","i2_pct"
"Alegre & Chiva 2013",0.388286734378482,0.309895038526614,0.46143484142161,638.797302040526,0.00000000000000000000000000000000000000000000000000000000000000000000000000000000000000000000000000000000000000215374952301977,94.4444978806372
"Ali et al. 2020",0.385961007695486,0.307278224327551,0.459402394174805,639.476629888,0.00000000000000000000000000000000000000000000000000000000000000000000000000000000000000000000000000000000000000156135818033166,94.4740438505666
"Alshahrani  Salam. 2022",0.380011130800709,0.301963189964293,0.452998833284907,609.838501750566,0.00000000000000000000000000000000000000000000000000000000000000000000000000000000000000000000000000000000190612549035657,94.2067874907857
"Altinay et al. 2016",0.394372996421271,0.318274009882836,0.46542200083557,601.587863398944,0.0000000000000000000000000000000000000000000000000000000000000000000000000000000000000000000000000000000936560715620706,94.0608488011682
"Armario et al. 2008",0.374119141121262,0.299340894192469,0.444329649255725,603.563296952573,0.0000000000000000000000000000000000000000000000000000000000000000000000000000000000000000000000000000000368718844310679,93.8532842024107
"Chen et al. 2009",0.382694895566811,0.304217785983752,0.456012503854097,636.1172657907,0.00000000000000000000000000000000000000000000000000000000000000000000000000000000000000000000000000000000000000765984019615621,94.4516335792907
"DeNoni & Apa. 2015",0.38609684028962,0.307376495261772,0.459568622893067,639.416404347366,0.00000000000000000000000000000000000000000000000000000000000000000000000000000000000000000000000000000000000000160652420789262,94.3963215128067
"Ding et al. 2023",0.379638492697929,0.301791563962873,0.452456548597955,621.773531150321,0.000000000000000000000000000000000000000000000000000000000000000000000000000000000000000000000000000000000006777976001061,94.2838692475122
"Ferraris et al. 2019",0.386889759758243,0.30836428977951,0.460178225855927,639.649941459505,0.00000000000000000000000000000000000000000000000000000000000000000000000000000000000000000000000000000000000000143834321718267,94.503882640191
"Ferreras-Méndez et al. 2019",0.390047498040841,0.312085754880559,0.462791297864118,635.007323790874,0.0000000000000000000000000000000000000000000000000000000000000000000000000000000000000000000000000000000000000129535701831394,94.377163121492
"Flatten et al. 2011",0.382030968283914,0.303522217258764,0.455387426888822,625.750078648089,0.00000000000000000000000000000000000000000000000000000000000000000000000000000000000000000000000000000000000103398164593627,94.3073034059458
"Hernández-Linares et al. 2021",0.383334184244962,0.304632244001357,0.456837114476815,628.87474450058,0.000000000000000000000000000000000000000000000000000000000000000000000000000000000000000000000000000000000000235858898748773,94.2542621385674
"Hooi & Ngui. 2014",0.385227730039824,0.306477106246095,0.458740775763392,638.443939622931,0.00000000000000000000000000000000000000000000000000000000000000000000000000000000000000000000000000000000000000254598073499539,94.4066519011254
"Hooi 2020",0.388187787491458,0.309761921839313,0.461367335898051,638.796445774212,0.00000000000000000000000000000000000000000000000000000000000000000000000000000000000000000000000000000000000000215462287442627,94.4298145316934
"Hughes et al. 2017",0.384103528271951,0.305467469730507,0.457535898405714,638.111854000177,0.00000000000000000000000000000000000000000000000000000000000000000000000000000000000000000000000000000000000000297946272954852,94.4813201494141
"Ibarra-Cisneros & Perlines 2020",0.383670508146951,0.305016085668196,0.457126266357038,636.68480329678,0.0000000000000000000000000000000000000000000000000000000000000000000000000000000000000000000000000000000000000058552157974296,94.4484791754328
"Jun et al. 2021",0.390015962028141,0.312037905337814,0.46277449964867,634.825700819996,0.0000000000000000000000000000000000000000000000000000000000000000000000000000000000000000000000000000000000000141163826273341,94.3702652390629
"Kang et al. 2022",0.380459543009524,0.302293544201712,0.453542987681843,615.219750162505,0.000000000000000000000000000000000000000000000000000000000000000000000000000000000000000000000000000000000150061031887849,94.242650073916
"Karami & Tang. 2019",0.381902222380796,0.303491534345565,0.455175231315427,632.309771935185,0.0000000000000000000000000000000000000000000000000000000000000000000000000000000000000000000000000000000000000464332659692237,94.3997959766183
"Mata et al. 2024",0.37848613669769,0.300972290240866,0.451031586985474,602.819979969908,0.0000000000000000000000000000000000000000000000000000000000000000000000000000000000000000000000000000000523646459278669,94.1517224662303
"Navarro et al. 2015",0.385727303228853,0.307057911330396,0.459161019967993,639.412259402186,0.00000000000000000000000000000000000000000000000000000000000000000000000000000000000000000000000000000000000000160968032173481,94.4900225249965
"Ortiz et al. 2023",0.389416447312873,0.311218179226743,0.46237688632496,633.165095754998,0.0000000000000000000000000000000000000000000000000000000000000000000000000000000000000000000000000000000000000309774128899801,94.2430588858429
"Park & Rhee. 2012",0.395704946091895,0.320491746674489,0.465959880737252,598.102354533637,0.000000000000000000000000000000000000000000000000000000000000000000000000000000000000000000000000000000484902768050705,93.9868684544584
"Pucci et al. 2017",0.394498758704515,0.318451358566853,0.465500739119585,593.762369724998,0.0000000000000000000000000000000000000000000000000000000000000000000000000000000000000000000000000000037539805908933,94.0152283547596
"Raisal et al. 2020",0.38397066878059,0.305265444293836,0.45746561624373,636.424932642695,0.00000000000000000000000000000000000000000000000000000000000000000000000000000000000000000000000000000000000000662169171211666,94.4228841211391
"Raymond et al. 2015",0.38449388770734,0.305717172700903,0.458042227314116,634.162087468402,0.0000000000000000000000000000000000000000000000000000000000000000000000000000000000000000000000000000000000000193254193475889,94.2322920895953
"Raymond et al. 2016",0.394359529818571,0.318194429529889,0.465466381754627,576.604232122048,0.00000000000000000000000000000000000000000000000000000000000000000000000000000000000000000000000001215126799378,93.9238370634269
"Rhee et al. 2010",0.399871163860706,0.328055078219746,0.467091662626879,530.419461622951,0.0000000000000000000000000000000000000000000000000000000000000000000000000000000000000000315850394693323,93.396230666744
"Rua et al. 2018",0.384892938854532,0.306150043048347,0.458404977343077,638.090440761215,0.00000000000000000000000000000000000000000000000000000000000000000000000000000000000000000000000000000000000000300982219479312,94.424669710789
"Shah et al. 2023",0.388346177501774,0.309961448534748,0.461487203572399,638.68902047901,0.00000000000000000000000000000000000000000000000000000000000000000000000000000000000000000000000000000000000000226704822694077,94.4382839494777
"Sok et al. 2013",0.366193219804824,0.298699906867274,0.430041660345863,507.893373645628,0.00000000000000000000000000000000000000000000000000000000000000000000000000000000000117997191255323,92.3282849569768
"Stoian et al. 2017",0.386205415843174,0.307504976763339,0.45965799857556,639.525376755885,0.00000000000000000000000000000000000000000000000000000000000000000000000000000000000000000000000000000000000000152573190904134,94.4286458169367
"Sujoko et al. 2022",0.386494903258861,0.307838661365912,0.45990403034402,639.639956663816,0.00000000000000000000000000000000000000000000000000000000000000000000000000000000000000000000000000000000000000144515966076871,94.4604703330048
"Tzokas et al. 2015",0.384033949700854,0.305327430275106,0.457528947058272,636.660653318621,0.00000000000000000000000000000000000000000000000000000000000000000000000000000000000000000000000000000000000000592253834367008,94.427682795106
"Wahyuni et al. 2019",0.39112831539501,0.313798878257241,0.463303241407734,636.241223124241,0.00000000000000000000000000000000000000000000000000000000000000000000000000000000000000000000000000000000000000722331451093616,94.4023838012807
"WALES et al. 2013",0.38775864430171,0.309235187064886,0.461030503192136,639.115298924429,0.00000000000000000000000000000000000000000000000000000000000000000000000000000000000000000000000000000000000000185270115418675,94.3987858150404
"Wu et al. 2020",0.39055990958116,0.312770937398035,0.463144609016813,633.716926643518,0.000000000000000000000000000000000000000000000000000000000000000000000000000000000000000000000000000000000000023857618413862,94.3640579205587
"Yoo et al. 2020",0.389370436134096,0.311291240367798,0.462227990879864,637.871677162587,0.00000000000000000000000000000000000000000000000000000000000000000000000000000000000000000000000000000000000000333826989388348,94.4487622945391
