"study","publication_year","journal","journal_eigenfactor","sample_size","response_rate_pct","firm_size_category","firm_size_numeric","firm_age","data_year","country","continent","motivation_success","uncertainty_avoidance","industry","ac_measure","ac_items","ac_measure_type","ac_reliability","performance_measure","performance_measure_type","performance_items","performance_reliability","effect_observed","effect_corrected_excel","study_key","effect_comment","effect_source_type","manual_plus_005","effect_mean_imputed","journal_eigenfactor_imputed","response_rate_imputed","firm_size_imputed","firm_age_imputed","ac_reliability_imputed","performance_reliability_imputed","effect_corrected","continent_group","primary_analysis","no_manual_adjustment","correlation_only","reported_reliability_only","yi_observed","yi_corrected","vi"
"Alegre & Chiva 2013",2013,"Journal of Small Business Management",46,182,50,"SML",68.2085454545454,18.3647058823529,2004,"Cross-country","Europe",56,80.5,"Manufacturing","Organizational Learning Capability",14,"Reflective",0.794,"Firm Perfroamce","Reflective",2,0.93,0.3,0.349115820114746,"alegre & chiva 2013","Full mediation by OLC and innovation performance

OLC → Firm Perf: β = 0.30 Innovation Perf → Firm Perf: β = 0.55","regression_or_path",FALSE,FALSE,FALSE,FALSE,FALSE,TRUE,FALSE,FALSE,0.349115820114746,"Europe",TRUE,TRUE,FALSE,TRUE,0.309519604203112,0.364436496749596,0.00558659217877095
"Ali et al. 2020",2020,"Industrial Marketing Management",71,163,57.2,"SM",132.88,34.1,2019,"Saudi Arabia","Asia",43,64,"Mixed","Absortive Capacity",12,"Formative",0.71,"Overall performance","Reflective",3,0.78,0.39,0.524068590285607,"ali et al. 2020","Significant positive association between ACAP and performance

β = 0.39, p < 0.001","regression_or_path",FALSE,FALSE,FALSE,FALSE,FALSE,FALSE,FALSE,FALSE,0.524068590285607,"Asia",TRUE,TRUE,FALSE,TRUE,0.41180003447869,0.58193249768658,0.00625
"Alshahrani  Salam. 2022",2022,"Journal of Research in Marketing and Entrepreneurship",54.6086956521739,366,33.4923666666667,"SM",68.2085454545454,7.6,2022,"Saudi Arabia","Asia",43,64,"Mixed","Absorptive capacity",7,"Reflective",0.79,"Firm's performance","Reflective",11,0.93,0.578,0.674330523628672,"alshahrani  salam. 2022","AC fully mediates EO → FP relationship; significant positive effect","regression_or_path",FALSE,FALSE,TRUE,TRUE,TRUE,FALSE,FALSE,FALSE,0.674330523628672,"Asia",TRUE,TRUE,FALSE,TRUE,0.659454093684904,0.818642843045986,0.00275482093663912
"Altinay et al. 2016",2016,"Journal of Small Business Management",46,350,87.5,"S",10.7,10,2011,"Cyprus","Europe",48.2567567567568,64.6621621621622,"Services","organizational learning capability",13,"Reflective",0.88,"Growth","Formative",3,0.7,0.053,0.0675282528654854,"altinay et al. 2016","Calculate dby the mean of the correlations of the three underlying criteria for Growth with OLC","correlation_or_mean_of_correlations",FALSE,FALSE,FALSE,FALSE,FALSE,FALSE,FALSE,FALSE,0.0675282528654854,"Europe",TRUE,TRUE,TRUE,TRUE,0.0530497094739486,0.067631179028588,0.00288184438040346
"Armario et al. 2008",2008,"Journal of Small Business Management",46,112,7.5,"SM",68.2085454545454,18.3647058823529,2003,"Spain","Europe",42,86,"Manufacturing","knowledge acquisition",5,"Reflective",0.92,"Foreign-Market Performance","Reflective",5,0.765,0.74,0.882078199150987,"armario et al. 2008","","unclear",FALSE,FALSE,FALSE,FALSE,TRUE,TRUE,FALSE,FALSE,0.882078199150987,"Europe",TRUE,TRUE,FALSE,TRUE,0.950479380596523,1.38505508513071,0.00917431192660551
"Chen et al. 2009",2009,"Industrial Marketing Management",71,106,21.2,"SM",68.2085454545454,18.3647058823529,2006,"Taiwan","Asia",45,69,"Manufacturing","Absorptive capacity",3,"Reflective",0.798,"Corporate competitive advantage","Reflective",4,0.814,0.51,0.632785513172247,"chen et al. 2009","ß = 0.54, Corr = 0.596 (p < 0.01)","regression_or_path",FALSE,FALSE,FALSE,FALSE,TRUE,TRUE,FALSE,FALSE,0.632785513172247,"Asia",TRUE,TRUE,FALSE,TRUE,0.562729769352149,0.746048314479686,0.00970873786407767
"DeNoni & Apa. 2015",2015,"Journal of International Entrepreneurship",54.6086956521739,311,33.4923666666667,"S",14.2,19.63,2007,"Italy","Europe",70,75,"Mixed","Learning Orientation",2,"Formative",0.77,"Business Performance","Formative",1,0.853727272727273,0.385,0.474849285899251,"denoni & apa. 2015","Calculated by the mean of the correlation of tPerf measure with the two constrcuts of LO.","correlation_or_mean_of_correlations",FALSE,FALSE,TRUE,TRUE,FALSE,FALSE,FALSE,TRUE,0.474849285899251,"Europe",TRUE,TRUE,TRUE,FALSE,0.405916575407461,0.516312894315342,0.00324675324675325
"Ding et al. 2023",2023,"Management Decision",61,189,18.9,"SM",222.968,13.534,2022,"China","Asia",66,30,"Services","Absorptive capacity",6,"Reflective",0.863,"SME survival performance","Reflective",4,0.881,0.595,0.682375795592423,"ding et al. 2023","","unclear",FALSE,FALSE,FALSE,FALSE,FALSE,FALSE,FALSE,FALSE,0.682375795592423,"Asia",TRUE,TRUE,FALSE,TRUE,0.685370974056203,0.83354665031586,0.00537634408602151
"Ferraris et al. 2019",2019,"Management Decision",61,88,55.3,"SM",155,18.3647058823529,2017,"Italy","Europe",70,75,"Mixed","Knowledge Acquisition",6,"Reflective",0.89,"Business Performance","Reflective",4,0.81,0.352,0.41457694862471,"ferraris et al. 2019","","unclear",FALSE,FALSE,FALSE,FALSE,FALSE,TRUE,FALSE,FALSE,0.41457694862471,"Europe",TRUE,TRUE,FALSE,TRUE,0.367724780125317,0.441125519259882,0.0117647058823529
"Ferreras-Méndez et al. 2019",2019,"Management International Review",38,222,88.8,"SM",52.7,18.3647058823529,2012,"Spain","Europe",42,86,"Manufacturing","Absorptive capacity",3,"Reflective",0.86,"Export Performance","Reflective",3,0.87,0.23,0.265900395980773,"ferreras-méndez et al. 2019","Direct correlation provided","correlation_or_mean_of_correlations",FALSE,FALSE,FALSE,FALSE,FALSE,TRUE,FALSE,FALSE,0.265900395980773,"Europe",TRUE,TRUE,TRUE,TRUE,0.234189466759367,0.272447101870863,0.0045662100456621
"Flatten et al. 2011",2011,"European Management Review",25,345,10.1,"S",26,11,2008,"Germany","Europe",66,65,"Mixed","Absorptive capacity",14,"Reflective",0.8,"Firm Perfroamce","Reflective",5,0.9,0.52,0.612825877028341,"flatten et al. 2011","Avergare path coeff. Of the four contsructs of ACAP with Perf: 0.275 + 0.05 = 0.325","regression_or_path",TRUE,FALSE,FALSE,FALSE,FALSE,FALSE,FALSE,FALSE,0.612825877028341,"Europe",TRUE,FALSE,FALSE,TRUE,0.576339754969193,0.713434300265944,0.00292397660818713
"Hernández-Linares et al. 2021",2021,"Journal of Small Business Management",46,509,11.54,"SM",68.2085454545454,21.99,2015,"Spain","Europe",42,86,"Manufacturing","Learning Capability",5,"Reflective",0.916,"Firm Performance","Reflective",8,0.842,0.478,0.544282178045664,"hernández-linares et al. 2021","β = 0.167, p < 0.001 for Learning Capability significantly predicts firm performance","regression_or_path",FALSE,FALSE,FALSE,FALSE,TRUE,FALSE,FALSE,FALSE,0.544282178045664,"Europe",TRUE,TRUE,FALSE,TRUE,0.520388756812754,0.610220332610135,0.00197628458498024
"Hooi & Ngui. 2014",2014,"International Journal of Manpower",30,286,35.9,"SM",68.2085454545454,18.3647058823529,2012,"Malaysia","Asia",50,36,"Manufacturing","Organizational Learning Capability",16,"Reflective",0.78,"Organizational performance","Reflective",5,0.89,0.416,0.499287882401635,"hooi & ngui. 2014","β = 0.366, p < 0.05 (OLC → performance) + 0.05","regression_or_path",TRUE,FALSE,FALSE,FALSE,TRUE,TRUE,FALSE,FALSE,0.499287882401635,"Asia",TRUE,FALSE,FALSE,TRUE,0.442845145712719,0.548357104469832,0.00353356890459364
"Hooi 2020",2020,"International Journal of Organizational Analysis",54.6086956521739,214,21.4,"SM",68.2085454545454,18.3647058823529,2018,"Malaysia","Asia",50,36,"Manufacturing","Organizational Learning Capability",15,"Reflective",0.897,"Firm Performance","Formative",10,0.897,0.305,0.340022296544036,"hooi 2020","β = 0.255 (EXOL-CAP), β = 0.188 (MCOL-CAP) → both significant to satisfaction performance. So we added 0.05 to it.","regression_or_path",TRUE,FALSE,TRUE,FALSE,TRUE,TRUE,FALSE,FALSE,0.340022296544036,"Asia",TRUE,FALSE,FALSE,TRUE,0.315023237096001,0.354117740105574,0.004739336492891
"Hughes et al. 2017",2017,"acia pacific journal of management",54.6086956521739,111,74,"SM",68.2085454545454,18.3647058823529,2015,"Malaysia","Asia",50,36,"Manufacturing","Absorptive capacity",15,"Reflective",0.83,"Firm Performance","Reflective",4,0.85,0.46,0.547657856948859,"hughes et al. 2017","From the correlation matrix.","correlation_or_mean_of_correlations",FALSE,FALSE,TRUE,FALSE,TRUE,TRUE,FALSE,FALSE,0.547657856948859,"Asia",TRUE,TRUE,TRUE,TRUE,0.497311287572031,0.61502957996872,0.00925925925925926
"Ibarra-Cisneros & Perlines 2020",2020,"Measuring Business Excellence",54.6086956521739,165,62.98,"SM",68.2085454545454,18.3647058823529,2018,"Mexico","North America",69,82,"Manufacturing","Absorptive capacity",9,"Formative",0.901,"Business Performance","Formative",4,0.789,0.472,0.559810579345484,"ibarra-cisneros & perlines 2020","β = 0.342 (moderation effect); β = 0.422 (direct AC → BP); EO → BP β = 0.395 + 0.05","regression_or_path",TRUE,FALSE,TRUE,FALSE,TRUE,TRUE,FALSE,FALSE,0.559810579345484,"North America",TRUE,FALSE,FALSE,TRUE,0.51264050779128,0.632557266807002,0.00617283950617284
"Jun et al. 2021",2021,"Journal of Small Business Management",46,237,23.7,"SM",49.83,18.3647058823529,2019,"South Korea","Asia",39,85,"Mixed","Learning Orientation",3,"Reflective",0.877,"Firm Performance","Reflective",3,0.89,0.232,0.262599070720791,"jun et al. 2021","From the correlation matrix.","correlation_or_mean_of_correlations",FALSE,FALSE,FALSE,FALSE,FALSE,TRUE,FALSE,FALSE,0.262599070720791,"Asia",TRUE,TRUE,TRUE,TRUE,0.236302205472896,0.26889794195954,0.00427350427350427
"Kang et al. 2022",2022,"Long Range Planning",63,343,11.4,"SM",65.12,16.61,2020,"Cross-country","Australia",59.5,50,"Mixed","Absorptive capacity",13,"Reflective",0.93,"Performance","Formative",5,0.91,0.566,0.615253737707434,"kang et al. 2022","AC → performance: β = 0.516, p < .001 (full mediation) + 0.05","regression_or_path",TRUE,FALSE,FALSE,FALSE,FALSE,FALSE,FALSE,FALSE,0.615253737707434,"Australia",TRUE,FALSE,FALSE,TRUE,0.641617671225172,0.717331639207362,0.00294117647058824
"Karami & Tang. 2019",2019,"International Small Business Journal",49,164,63,"SM",35,28,2016,"New Zealand","Australia",58,49,"Manufacturing","Experiential Learning",5,"Reflective",0.93,"International Performance","Reflective",11,0.95,0.53,0.563861695204258,"karami & tang. 2019","From the correlation matrix.","correlation_or_mean_of_correlations",FALSE,FALSE,FALSE,FALSE,FALSE,FALSE,FALSE,FALSE,0.563861695204258,"Australia",TRUE,TRUE,TRUE,TRUE,0.590145159841189,0.63847704056841,0.0062111801242236
"Makhloufi et al. 2024",2024,"Journal of Research in Marketing and Entrepreneurship",54.6086956521739,246,47.5,"SM",68.2085454545454,8.29,2022,"Algeria","Africa",35,70,"Mixed","Asbsorptive Capacity",4,"Reflective",0.861,"Entrepreneurial Performance","Reflective",10,0.744,0.366447368421053,0.457850363930039,"makhloufi et al. 2024","Indirect effect through EO: ß = AC→EO → EP = 0.116, p < 0.001; no direct AC → EP coefficient reported.","regression_or_path",FALSE,TRUE,TRUE,FALSE,TRUE,FALSE,FALSE,FALSE,0.457850363930039,"Other",FALSE,FALSE,FALSE,FALSE,0.384313206038993,0.494588115803108,0.00411522633744856
"Mata et al. 2024",2024,"Journal of Knowledge Management",41,300,75,"SM",68.2085454545454,33.95,2021,"Portugal","Europe",31,99,"Manufacturing","Absorptive capacity",10,"Reflective",0.892,"Financial Performance","Reflective",4,0.866,0.62,0.705424138247357,"mata et al. 2024","AC → FP → β = 0.615, p < 0.001 → significant positive effect + 0.05","regression_or_path",TRUE,FALSE,FALSE,FALSE,TRUE,FALSE,FALSE,FALSE,0.705424138247357,"Europe",TRUE,FALSE,FALSE,TRUE,0.725005087752999,0.878016277605961,0.00336700336700337
"Navarro et al. 2015",2015,"Journal of Small Business and Enterprise Development",54.6086956521739,128,18.05,"SM",68.2085454545454,18.3647058823529,2007,"United Kingdom","Europe",66,35,"Manufacturing","Realized Absorptive capacity",8,"Formative",0.837,"International performance","Reflective",3,0.834,0.399,0.477559117933503,"navarro et al. 2015","From the correlation matrix.","correlation_or_mean_of_correlations",FALSE,FALSE,TRUE,FALSE,TRUE,TRUE,FALSE,FALSE,0.477559117933503,"Europe",TRUE,TRUE,TRUE,TRUE,0.422459020065137,0.519817463775103,0.008
"Ortiz et al. 2023",2023,"Small Enterprise Research",54.6086956521739,502,10,"SM",88.07,15.87,2021,"Colombia","South America",64,80,"Services","Absorptive capacity",14,"Formative",0.944,"Performance","Reflective",7,0.965,0.261,0.273458138750519,"ortiz et al. 2023","From the correlation matrix.","correlation_or_mean_of_correlations",FALSE,FALSE,TRUE,FALSE,FALSE,FALSE,FALSE,FALSE,0.273458138750519,"Other",TRUE,TRUE,TRUE,TRUE,0.267181207508359,0.280597660532411,0.00200400801603206
"Park & Rhee. 2012",2012,"Management Decision",61,271,18.5,"SM",28.8,18.3647058823529,2006,"South Korea","Asia",39,85,"Manufacturing","Absorptive capacity",1,"Formative",0.837972222222222,"International Performance","Formative",1,0.853727272727273,-0.01,-0.0118229434150071,"park & rhee. 2012","From the correlation matrix.","correlation_or_mean_of_correlations",FALSE,FALSE,FALSE,FALSE,FALSE,TRUE,TRUE,TRUE,-0.0118229434150071,"Asia",TRUE,TRUE,TRUE,FALSE,-0.0100003333533348,-0.0118234943394034,0.00373134328358209
"Pucci et al. 2017",2017,"Journal of Small Business and Enterprise Development",54.6086956521739,411,33.4923666666667,"SM",9.77,18.73,2013,"Italy","Europe",70,75,"Manufacturing","Absorptive capacity",1,"Formative",0.837972222222222,"Performance","Reflective",3,0.88,0.05,0.0582255845115107,"pucci et al. 2017","From the correlation matrix.","correlation_or_mean_of_correlations",FALSE,FALSE,TRUE,TRUE,FALSE,FALSE,TRUE,FALSE,0.0582255845115107,"Europe",TRUE,TRUE,TRUE,FALSE,0.0500417292784913,0.0582915178355798,0.00245098039215686
"Raisal et al. 2020",2020,"World Journal of Entrepreneurship, Management and Sustainable Development",54.6086956521739,226,58.54,"SM",89.58,18.3647058823529,2018,"Sri Lanka","Asia",10,45,"Mixed","Absorptive capacity",11,"Reflective",0.95,"Firm Performance","Reflective",4,0.78,0.46,0.534378193773948,"raisal et al. 2020","ACAP → FP ß = 0.41, t-value = 8.4, 95% CI [0.30, 0.49] + 0.05","regression_or_path",TRUE,FALSE,TRUE,FALSE,FALSE,TRUE,FALSE,FALSE,0.534378193773948,"Asia",TRUE,FALSE,FALSE,TRUE,0.497311287572031,0.596253381232128,0.00448430493273543
"Raymond et al. 2015",2015,"2015 48th Hawaii International Conference on System Sciences - BEST PAPER AWARD",54.6086956521739,588,19.6,"SM",51,18.3647058823529,2013,"Canada","North America",52,48,"Manufacturing","Knowledge Acquisition and Assimilation Capabilities",3,"Formative",0.8,"Competitive performance","Formative",1,0.853727272727273,0.44,0.532412330812374,"raymond et al. 2015","As expected by the knowledge management
literature, KTE capabilities were found to have a strong
effect on competitive performance (β = 0.44, p < 0.01).","regression_or_path",FALSE,FALSE,TRUE,FALSE,FALSE,TRUE,FALSE,TRUE,0.532412330812374,"North America",TRUE,TRUE,FALSE,FALSE,0.472230804420426,0.593505800352298,0.00170940170940171
"Raymond et al. 2016",2016,"Knowledge and Process Management",54.6086956521739,588,19.6,"SM",51,18.3647058823529,2014,"Canada","North America",52,48,"Manufacturing","It-enabled knowledge acquisition and assimilation capabilities",3,"Formative",0.837972222222222,"Competitive performance of the SME","Formative",1,0.853727272727273,0.06,0.0709376604900428,"raymond et al. 2016","Calculated by te mean of three formative constructs, including e-Intelligence capability, e-Commerce capability, and e-Collaboration capability, having the correlations of 0.10, 0.05, and 0.03 with perf.","correlation_or_mean_of_correlations",FALSE,FALSE,TRUE,FALSE,FALSE,TRUE,TRUE,TRUE,0.0709376604900428,"North America",TRUE,TRUE,TRUE,FALSE,0.0600721559210316,0.0710570107399913,0.00170940170940171
"Rhee et al. 2010",2010,"Technovation",63,333,17.7,"SM",102.87,30.73,2007,"South Korea","Asia",39,85,"Services","Learning Orientation",6,"Reflective",0.731,"Performance","Reflective",3,0.882,-0.185,-0.230398022568331,"rhee et al. 2010","Calculated through the mean of the correlations of the two Absorptive capacity variable with Perf: -0.17* and -0.20*","correlation_or_mean_of_correlations",FALSE,FALSE,FALSE,FALSE,FALSE,FALSE,FALSE,FALSE,-0.230398022568331,"Asia",TRUE,TRUE,TRUE,TRUE,-0.187154970164184,-0.234609761414337,0.00303030303030303
"Rua et al. 2018",2018,"Journal of Knowledge Management",41,247,25,"SML",68.2085454545454,18.3647058823529,2016,"Portugal","Europe",31,99,"Manufacturing","Absorptive Capacity",9,"Reflective",0.782,"Export Performance","Reflective",5,0.927,0.428,0.502690323525229,"rua et al. 2018","Calculated by the eman of the corerlations of the two variables of AC Acquisition and AC Assimilation: 0.390, 0.466.","unclear",FALSE,FALSE,FALSE,FALSE,TRUE,TRUE,FALSE,FALSE,0.502690323525229,"Europe",TRUE,TRUE,FALSE,TRUE,0.457445575759866,0.55289970303221,0.00409836065573771
"Shah et al. 2023",2023,"International Journal of Productivity and Performance",54.6086956521739,192,64,"SM",68.2085454545454,18.3647058823529,2021,"Pakistan","Asia",50,70,"Mixed","Absorptive Capacity",6,"Reflective",0.7,"Financial Performance","Reflective",4,0.7,0.298,0.425714285714286,"shah et al. 2023","","unclear",FALSE,FALSE,TRUE,FALSE,TRUE,TRUE,FALSE,FALSE,0.425714285714286,"Asia",TRUE,TRUE,FALSE,TRUE,0.307323246619112,0.454650593846221,0.00529100529100529
"Sok et al. 2013",2013,"Australasian Marketing Journal",54.6086956521739,171,17.1,"SM",33,10.5,2011,"Cambodia","Asia",48.2567567567568,64.6621621621622,"Manufacturing","Learning Capability",5,"Reflective",0.91,"SME Performance","Reflective",3,0.92,0.85,0.928975618599445,"sok et al. 2013","","unclear",FALSE,FALSE,TRUE,FALSE,FALSE,FALSE,FALSE,FALSE,0.928975618599445,"Asia",TRUE,TRUE,FALSE,TRUE,1.25615281198806,1.65086057766303,0.00595238095238095
"Stoian et al. 2017",2017,"Journal of Small Business Management",46,251,13.4,"SM",39,41,2015,"United Kingdom","Europe",66,35,"Mixed","Forein Market Knowledge",3,"Reflective",0.833,"International Performance","Reflective",3,0.956,0.381,0.426946569959856,"stoian et al. 2017","","unclear",FALSE,FALSE,FALSE,FALSE,FALSE,FALSE,FALSE,FALSE,0.426946569959856,"Europe",TRUE,TRUE,FALSE,TRUE,0.401228940362348,0.456156608025188,0.00403225806451613
"Sujoko et al. 2022",2022,"Jurnal Ekonomi Bisnis dan Kewirausahaan",54.6086956521739,189,54.4,"SM",68.2085454545454,18.3647058823529,2020,"Indonesia","Asia",46,48,"Mixed","Absorptive Capacity",3,"Formative",0.886,"Business Performance","Formative",2,0.882,0.37,0.418553107413963,"sujoko et al. 2022","Calcualted by adding 0.05 to the path coeffiecient of the relationship.","regression_or_path",TRUE,FALSE,TRUE,FALSE,TRUE,TRUE,FALSE,FALSE,0.418553107413963,"Asia",TRUE,FALSE,FALSE,TRUE,0.388423099718296,0.445936526604323,0.00537634408602151
"Tzokas et al. 2015",2015,"Industrial Marketing Management",71,219,53.7,"SM",68.2085454545454,16.38,2011,"South Korea","Asia",39,85,"Manufacturing","Absorptive Capacity",11,"Formative",0.933,"Overall Performance","Formative",12,0.953,0.458,0.485711298238969,"tzokas et al. 2015","Calculated by the mean of the nine correlations.","unclear",FALSE,FALSE,FALSE,FALSE,TRUE,FALSE,FALSE,FALSE,0.485711298238969,"Asia",TRUE,TRUE,FALSE,TRUE,0.494777455564479,0.530432070459819,0.00462962962962963
"Wahyuni et al. 2019",2019,"Journal of Workplace Learning",54.6086956521739,70,56,"SM",68.2085454545454,18.3647058823529,2016,"Indonesia","Asia",46,48,"Manufacturing","Learning Orientation",9,"Reflective",0.6,"Business Performance","Reflective",3,0.6,0.152,0.253333333333333,"wahyuni et al. 2019","The indirect effect between the two construct has coefficient of 0,102, and we calculated the effect size by adding 0.05.","regression_or_path",TRUE,FALSE,TRUE,FALSE,TRUE,TRUE,FALSE,FALSE,0.253333333333333,"Asia",TRUE,FALSE,FALSE,TRUE,0.153187102731967,0.258971545767427,0.0149253731343284
"WALES et al. 2013",2013,"Strategic Management Journal",91,285,19,"SM",17.3,3.16,2007,"Sweden","Europe",5,29,"Mixed","Absorptive Capacity",15,"Formative",0.83,"Firm Growth","Formative",3,0.853727272727273,0.323,0.383710689859563,"wales et al. 2013","The effect size was calcualted by the mean of the correclations of the three constructs of Business growth with AC.","unclear",FALSE,FALSE,FALSE,FALSE,FALSE,FALSE,FALSE,TRUE,0.383710689859563,"Europe",TRUE,TRUE,FALSE,FALSE,0.33499294560134,0.404403781305043,0.00354609929078014
"Wu et al. 2020",2020,"Frontiers in Psychology",97,211,21,"SM",68.2085454545454,18.3647058823529,2018,"Taiwan","Asia",45,69,"Manufacturing","Learning Orientation",19,"Reflective",0.832,"Competitive Advantage","Reflective",12,0.77,0.208,0.259870097418821,"wu et al. 2020","RAC → CA: β = 0.158, p < .001 + 0.05

12-item Competitive Advantage scale (differentiation, cost, institutional advantages)","regression_or_path",TRUE,FALSE,FALSE,FALSE,TRUE,TRUE,FALSE,FALSE,0.259870097418821,"Asia",TRUE,FALSE,FALSE,TRUE,0.211079993340167,0.265969091261599,0.00480769230769231
"Yoo et al. 2020",2020,"Journal of Small Business Managemen",46,120,35.1,"SM",43.8,4.29,2018,"South Korea","Asia",39,85,"Mixed","Absorptive capacity",5,"Reflective",0.71,"Learning outcomes","Reflective",7,0.86,0.25,0.319934893475046,"yoo et al. 2020","From the correlation matrix.","correlation_or_mean_of_correlations",FALSE,FALSE,FALSE,FALSE,FALSE,FALSE,FALSE,FALSE,0.319934893475046,"Asia",TRUE,TRUE,TRUE,TRUE,0.255412811882995,0.331574576381242,0.00854700854700855
